schemaVersion,recordType,source.name,source.url,content.title,content.published_date,content.fullText,collectedAt
1.0,NEWS,TechCrunch AI,https://techcrunch.com/2026/06/23/indias-moengage-bets-marketings-future-on-millions-of-ai-agents/,India’s MoEngage bets that the future of marketing is millions of AI agents,2026-06-23T23:30:00+00:00Z,"Indian customer engagement software firm MoEngage, which serves brands across global markets, has acquired San Francisco-based startup Aampe in an all-cash deal, betting that AI agents that make decisions for individual customers will become the future of marketing. MoEngage did not disclose the financial terms of the transaction, but a source familiar with the matter told TechCrunch that the all-cash deal was worth tens of millions of dollars. Founded in 2020, Aampe develops software that assigns a dedicated AI agent to each customer, allowing brands to personalize messaging based on individual behavior rather than traditional audience segments and campaign rules. The startup has more than 30 customers across the U.S., Europe, and Asia-Pacific, and grew annual recurring revenue by 150% over the past year, MoEngage co-founder and chief executive Raviteja Dodda said in an interview. Dodda told TechCrunch that the acquisition will help it win customers using rival marketing platforms such as Salesforce and Adobe. “A large part of our growth is driven by migrations of enterprise customers from Salesforce Marketing Cloud and Adobe Experience Cloud,” Dodda said. MoEngage recently signed three to four multimillion-dollar annual contract value deals with customers that switched from Salesforce, Dodda said. He’s hopeful that the Aampe acquisition will help him win more of such customers. The acquisition comes as software companies race to embed AI deeper into enterprise applications, moving beyond tools that generate content or assist employees toward agents making autonomous decisions. In marketing, that includes deciding which customers to target, what messages to send, and when to send them. Aampe’s technology is used by brands such as Swiggy, Grab, and Taxfix, some of which also use MoEngage’s customer engagement platform. The acquisition comes over six months after MoEngage raised $280 million through a mix of primary and secondary transactions. Around 20 Aampe employees will join MoEngage, taking the company’s workforce to roughly 820 people. MoEngage said it serves more than 1,350 consumer brands across 75 countries, including customers in sectors such as retail, financial services, media, and food delivery. Founded in 2020, Aampe has raised about $28 million across three funding rounds. The startup counts Peak XV Partners, Z47, and Theory Ventures among its investors.",2026-06-24T05:49:55.678161Z
1.0,NEWS,TechCrunch AI,https://techcrunch.com/2026/06/23/anthropics-claude-tag-is-learning-your-company-one-slack-message-at-a-time/,"Anthropic’s Claude Tag is learning your company, one Slack message at a time",2026-06-23T17:00:00+00:00Z,"Anthropic is introducing a new service called Claude Tag, an “always-on Claude” that lives in Slack and acts as an AI teammate. The new feature — which allows users to tag @Claude to provide insights in chats and assign tasks — will be available in beta for Slack for Claude Enterprise and Claude Team customers. Claude Tag is an evolution of several integrations that already exist. Users can already DM @Claude within Slack or tag it in channels for on-demand help, and Claude Code in Slack routes coding tasks from channel mentions to full coding sessions on the web, posting updates back into the thread. But Claude Tag adds a layer of persistent context and memory that would be difficult to maintain with previous tools. “As Claude follows along with its channel, it learns ever more about the work,” reads a statement from Anthropic. “Claude can also automatically gather facts from elsewhere in the organization, if it’s granted permission to read other channels.” With Claude Tag, everyone in a given Slack channel can access a single Claude identity, meaning “anyone can see what Claude has been working on, and can pick up the conversation from where the last person left off.” System administrators will specify which tools, information, and channels Claude can access, and each Claude identity will stay scoped to whichever channels the admins define, so that a Claude set up for legal work can’t seed memories into the engineering channel, for example. When assigned a specific task, Claude Tag will break down the task into stages and will work through them using whichever tools it has access to, responding in a Slack thread with what it has created. But Claude Tag also features an ambient mode that proactively jumps into the chat of its own accord to keep your team updated, flag things from across the organization, and follow up on threads or tasks that have been forgotten. Anthropic says this makes it feel like you’re “working with a real colleague — one that can produce work in public view, with far greater context and understanding than before.” That context is an increasingly critical part of enterprise deployments, and Anthropic isn’t the only company focused on it. Microsoft also has Graph, expressed through Copilot and Work IQ. Snowflake and Databricks are positioning their platforms as the back-end support containing tacit organizational knowledge that agents can tap into. Glean is also building an intelligence layer that understands company context and sits between the model and the enterprise data.",2026-06-24T05:49:55.695553Z
1.0,NEWS,TechCrunch AI,https://techcrunch.com/2026/06/23/4-days-left-to-save-up-to-190-on-techcrunch-founder-summit-2026/,4 days left to save up to $190 on TechCrunch Founder Summit 2026,2026-06-23T14:00:00+00:00Z,"Founders don’t grow alone. The best founders learn from peers facing similar challenges, gain insights from operators who have already scaled, and build relationships with investors who can help fuel the next stage of growth. You have just four days left to save up to $190 on your pass to TechCrunch Founder Summit 2026 before Early Bird rates end on June 26 at 11:59 p.m. PT. On November 4 in Boston, more than 1,000 founders and investors will come together for a full day of practical insights, peer-to-peer learning, and meaningful networking designed to help startups grow faster. This is TechCrunch’s flagship founder conference, built specifically for founders. Whether you’re preparing to raise capital, scaling revenue, hiring your next team members, or planning your next major milestone, Founder Summit connects you with the people and strategies that can help move your company forward. Register by June 26 to save up to $190 on your pass. Groups of four or more can save up to 30%. TechCrunch Founder Summit is designed to deliver practical takeaways you can put into action immediately. The conversations are candid, focused, and designed to help founders solve real business challenges. Register here to save up to $190. Founder Summit programming focuses on the decisions that shape a company’s future. Through breakout sessions and roundtable discussions, you’ll gain insights you can apply right away. Whether you’re raising your first round or scaling toward your next major milestone, these sessions are built to help you make smarter decisions and move faster. Register here to save up to $190. Previous speakers have shared firsthand lessons on company building, fundraising, and growth, including: Additional speakers have included leaders from Sequoia Capital, NFX, Underscore VC, Glasswing Ventures, Wing Venture Capital, Construct Capital, Greylock, and Precursor Ventures. The 2026 agenda is currently taking shape, with more founders, operators, and investors to be announced soon on the event page. Interested in leading the conversation? Submit a topic for a breakout or roundtable session for a chance to be voted onto the agenda by the TechCrunch audience. TechCrunch Founder Summit 2026 is where founders come to gain practical insights, build valuable relationships, and accelerate growth. Join 1,000+ founders and investors in Boston on November 4 for a day of learning, networking, and conversations that can help shape your company’s future. Early Bird savings end in just four days, June 26 at 11:59 p.m. PT. Register now to save up to $190 on your pass and up to 30% when registering as a group before prices increase.",2026-06-24T05:49:55.717829Z
1.0,NEWS,TechCrunch AI,https://techcrunch.com/2026/06/23/fika-jobs-raises-4m-to-build-a-video-first-hiring-platform-where-ai-agents-interview-candidates/,Fika Jobs raises $4M to build a video-first hiring platform where AI agents interview candidates,2026-06-23T13:00:00+00:00Z,"The hiring process has long been criticized for its inefficiency and opacity. Candidates spend hours writing applications and submitting cover letters, only to disappear into what often feels like a black box. Generative AI has only made things messier, with employers increasingly relying on AI-powered screening systems to sift through an overwhelming number of submissions. Stockholm-based startup Fika Jobs thinks there’s a better way. The company is building a video-first hiring platform that combines AI interview agents with short-form video profiles, creating something that feels like a cross between LinkedIn and TikTok. Instead of relying solely on resumes, candidates complete AI-powered interviews designed to showcase their personality and communication skills. Fika Jobs announced on Tuesday a $4 million pre-seed round, which will be used to continue developing the platform, grow the team, and prepare for a wider launch later this year. For job seekers, the process starts by connecting a LinkedIn profile. Fika’s AI reviews the candidate’s background and generates personalized interview questions. Candidates then complete a roughly 10-minute video interview with the AI agent, currently powered by Google’s Gemini models. After the interview, Fika automatically turns responses into short video clips and organizes them into a profile. Instead of applying to every new role, candidates maintain a live profile that employers can discover and revisit as new opportunities arise. The idea came from co-founders and brothers Jakob Dubois (CEO) and Alexander Dubois (CTO) while they were building their previous startup. “When we were building [social app] Gaff, we spent a lot of time recruiting and almost passed on a candidate because his resume did not really stand out,” Jakob Dubois told TechCrunch. “We ended up speaking with him anyway, and within minutes, his grit, drive, and ambition became obvious. Exactly the kind of person we wanted to hire.” That experience convinced the founders that some traits that employers care about most are difficult to capture on paper. Unlike most competitors (Alex, Maki, and Mercor, among others) that focus on helping employers source, screen, and match candidates more efficiently with AI, Fika is building a platform where candidates maintain video-first profiles and employers browse a pool of people who have already been interviewed and evaluated by AI. If successful, Fika Jobs could help employers assess communication skills and cultural fit early in the hiring process, complementing traditional resume and application reviews. This approach may be especially valuable for early-career professionals and candidates from non-traditional backgrounds, whose potential is not always apparent from a resume alone. Of course, video profiles introduce real bias risks that are also worth acknowledging. When employers can see a candidate’s race, age, gender, physical appearance, and accent before evaluating their qualifications, it opens the door to discrimination that a resume, for all its flaws, at least partially obscures. There’s a reason some companies have moved toward blind resume screening. The platform plans to open early access to candidates this week, with a broader public launch expected this fall. The company will initially focus on Sweden before expanding internationally. Fika currently has a small team but expects to reach around 10 employees by the end of the year. More than 100 companies are on the waitlist, say the founders, though they declined to disclose which ones. Separately, they said more than 50 companies have tested the platform, including Plenty Labs, SICS.ai, Kognity, and Rebtel. The platform is free for job seekers. Employers pay nothing up front, but Fika takes 10% of a candidate’s first-year salary upon a successful hire. (The company notes that this is lower than the 20% to 30% placement fees often charged by traditional recruiters and headhunters.) The round was led by Luminar Ventures, with participation from Alliance VC and King co-founders Sebastian Knutsson and Riccardo Zacconi, the duo best known for creating the hit mobile game Candy Crush.",2026-06-24T05:49:55.737758Z
1.0,NEWS,Nvidia Blog,https://blogs.nvidia.com/blog/nvidia-aws-ai-production-scale/,NVIDIA and AWS Collaborate to Bring AI to Production at Scale,2026-06-24T00:05:37+00:00Z,"Building AI systems at scale is demanding, requiring low-latency inference, fast vector search, strong GPU price-performance and infrastructure that can grow without multiplying operational complexity. NVIDIA’s latest work with Amazon Web Services (AWS) addresses each of those constraints. Across Amazon OpenSearch and Amazon EC2, NVIDIA AI infrastructure is giving enterprises more practical paths to deploy AI at production scale. EC2 G7 instances powered by NVIDIA RTX PRO 4500 Blackwell Server Edition GPUs expand the compute layer for AI, graphics, video and data analytics workloads, while the NVIDIA cuVS library accelerates the retrieval layer by making GPU-powered vector indexing the default in OpenSearch Serverless. And with AWS achieving NVIDIA Exemplar Cloud status for NVIDIA GB300, customers can trust they’re receiving peak optimized performance for their training workloads. Amazon EC2 G7 instances bring NVIDIA RTX PRO 4500 Blackwell Server Edition GPUs to AWS for AI inference, graphics, spatial computing and GPU-accelerated data analytics — delivering a new instance type engineered for production workloads that need performance without the operational overhead of a customer-managed GPU platform. Compared with G6 instances, G7 delivers up to 4.6x AI inference performance, up to 2.1x graphics performance and significantly faster GPU-accelerated data analytics on Amazon EMR using the NVIDIA cuDF library for Apache Spark workloads. With support for up to eight GPUs, 256GB of total GPU memory, 700 Gbps of EFA-enabled networking and up to 7.6TB of local NVMe SSD storage — across one-, two-, four- and eight- GPU configurations plus bare metal, coming soon — G7 instances let customers right-size infrastructure for their workloads instead of over-provisioning for them. The platform’s versatility means AI teams get lower-latency inference. Media and entertainment teams get high-resolution video workflows and rendering. Simulation, computer-aided design, virtual desktop infrastructure, gaming and spatial computing teams get the same instance type for graphics-intensive applications. And data teams can apply the GPU memory, local storage and networking improvements to analytics pipelines and vector database workloads. G7 instances are accessible through AWS Deep Learning Amazon Machine Images (AMIs), Amazon Deep Learning Containers, Amazon EMR, Amazon EKS, Amazon ECS and graphics AMIs — and coming soon to Amazon SageMaker AI. The next generation of Amazon OpenSearch Serverless powers agentic AI and dynamic workloads with no infrastructure management required. It uses GPU-accelerated vector indexing, powered by NVIDIA cuVS, as the default compute choice for all vector collections. For teams building retrieval-augmented generation, semantic search, recommendation systems and agentic AI applications, that shift matters. It turns GPU-powered vector search from a specialized optimization project into a standard AWS capability. The customer impact is direct: vector indexing up to 10x faster at a quarter of the cost, compared with CPU-only builds — making billion-scale vector databases practical to build in under an hour. By making NVIDIA cuVS the default in OpenSearch Serverless, AWS customers get a much faster path from raw data to production-ready AI retrieval infrastructure — with serverless scaling that reduces operational overhead when workloads are idle. AWS has achieved NVIDIA Exemplar Cloud status on NVIDIA GB300 for training workloads. This means AWS meets the rigorous performance thresholds that NVIDIA uses to benchmark AI workloads against its reference architecture. This achievement is the result of deep co-engineering efforts between AWS and NVIDIA teams. Through the NVIDIA Exemplar Clouds initiative, developers and AI leaders can be confident they’re using consistent, high-performance cloud infrastructure for large-scale training, helping teams evaluate cloud providers with greater confidence, improve total cost of ownership and move AI projects from planning to production more efficiently. Together, these advancements reinforce every layer of the AI infrastructure stack on AWS. The throughline is the same: production-grade AI infrastructure that performs at scale, without adding operational burden to the teams running it.",2026-06-24T05:49:55.747552Z
1.0,NEWS,Nvidia Blog,https://blogs.nvidia.com/blog/nvidia-agent-toolkit-open-models-tools-skills-secure-runtime-ai-agents/,How Businesses Are Building Specialized AI They Can Trust,2026-06-23T13:00:07+00:00Z,"Companies are asking how to build specialized AI that fits with the way their workflows actually run. The first wave of enterprise AI was about access. Companies experimented with new frontier and open models, ran pilots and explored how AI can help. Now, specialized agents — systems of models that can reason, use tools and take action even for the most complex workflows — put more useful AI within reach of the people who already know the work best. Agents are already helping life sciences researchers accelerate medicine discovery, security teams investigate vulnerabilities with more context and operations teams seamlessly coordinate supply chains. To tap into these specialized agents, businesses are using a foundation they can adapt and own: one built on models they can customize, tools that connect to systems they already use and infrastructure that lets agents operate safely at scale. NVIDIA Agent Toolkit — comprising models, tools, skills and a secure runtime — provides an open, modular foundation for building safer, faster, lower-cost digital AI coworkers that enterprises and developers can customize, specialize, control and trust. Enterprises and developers building secure, specialized AI agents require: NVIDIA technologies accelerate all the pieces needed to turn a powerful frontier model into a fully functional digital coworker. The toolkit’s users can work with third-party agent harnesses — or agent orchestration frameworks — of their choice, including Hermes Agents and OpenClaw. This unlocks enterprise AI momentum with control. And that matters because the most valuable agents across industries will be specialized. In life sciences, agents can help researchers call domain models for protein design, virtual screening, genomics analysis and biomarker discovery. The new NVIDIA BioNeMo Toolkit enables work that previously took months to be completed in days. In healthcare, agents support clinical documentation, clinical decision support and care coordination. Plus, physical agents in robotics systems trained in digital twins of hospitals can scale surgical assistance and hospital automation to meet care demands. In software, cybersecurity, industrial operations and customer workflows, agents can connect to the tools and data teams already use, helping people move faster through complex workflows. For example, Cadence and Synopsys are building autonomous agents for chip design and engineering workflows. CrowdStrike is running specialized security agents that triage alerts with 98.5% accuracy. Palantir, SAP, ServiceNow, Siemens and Dassault Systèmes are embedding agent capabilities into the enterprise platforms where critical decisions get made. It all points to the same larger shift: Agents become more useful when they can combine models, tools, skills, runtime and infrastructure in ways companies can adapt to their own workflows. NVIDIA Agent Toolkit provides an open, modular foundation that enables this combination. Learn more about NVIDIA Agent Toolkit and NVIDIA BioNeMo Agent Toolkit.",2026-06-24T05:49:55.761635Z
1.0,NEWS,Nvidia Blog,https://blogs.nvidia.com/blog/top500-green500-supercomputers-isc-2026/,NVIDIA Powers Over 400 of the World’s 500 Fastest Supercomputers,2026-06-23T09:00:38+00:00Z,"NVIDIA technologies power more than 400 of the world’s 500 fastest supercomputers — 81% of the TOP500 — according to the latest rankings released this week at the ISC High Performance conference in Hamburg, Germany. That’s a gain of 17 systems from the previous list, with the momentum in new deployments: nearly nine of every 10 systems new to the ranking are built on NVIDIA technologies. That percentage reflects a deliberate preference for machines built for AI, simulation and science together. And it’s compounding: NVIDIA systems across the TOP500 now deliver more than 2x the AI training and nearly 3x the AI inference throughput of every other platform combined. GPU and networking adoption each hit new highs, with NVIDIA GPUs accelerating a record 238 systems and NVIDIA networking connecting a record 376 — the vast majority on NVIDIA Quantum InfiniBand, the backbone of large-scale AI and high-performance computing, and the rest on Ethernet. The trend behind the numbers is bigger than any one list: Accelerated computing is becoming the foundation for the systems taking on the world’s most demanding work, across AI and science. Updated twice a year, the TOP500 ranks the world’s fastest supercomputers, while the Green500 list measures how much computing each delivers per watt. NVIDIA’s reach now spans the full system — GPU, networking and, increasingly, the CPU — with NVIDIA Grace CPU adoption reaching 26 systems, up eight from the previous list, with nearly 2.5 million Grace CPUs shipped. NVIDIA Grace-based machines sit atop both rankings: JUPITER at No. 5 and Alps at No. 10 on the TOP500, and KAIROS at No. 1 on the Green500. Each pairs an NVIDIA GPU with the Grace CPU in a single NVIDIA Grace Hopper Superchip, letting the two share memory with minimal overhead — a design built for the memory-intensive demands of modern AI. The NVIDIA Vera CPU, announced earlier this year, builds on the success of Grace, taking CPU performance and energy efficiency to new levels for the most demanding AI workloads in modern data centers — where agents move from answering basic questions to taking actions, running code, using tools and evaluating results. NVIDIA swept the Green500 ranking of the most energy-efficient supercomputers: The top eight all run on NVIDIA GPUs and nine of the top 10 use NVIDIA technologies. Leading the list is KAIROS, an NVIDIA Grace Hopper system at France’s University of Toulouse, at 73.3 gigaflops per watt — with Grace Hopper systems taking the top four spots, across France, Germany and the U.K. A record 35 NVIDIA AI HPC supercomputers are in development across Europe — equipping more than 3 million researchers with next-generation infrastructure for continental AI, accelerated science and industrial innovation. Among these systems is JUPITER, Europe’s fastest supercomputer and its first to reach exascale, at the Jülich Supercomputing Centre in Germany. JUPITER is mapping the human brain at cellular scale, simulating Earth’s climate and advancing the AI behind next-generation 6G networks. The newest arrivals to the list run on the NVIDIA Blackwell architecture, with B200 and GB200 systems entering the rankings across Asia, Europe and the U.S. — and the first GB200 systems debuting in Japan. The buildout is global, from a new AI factory in South Africa to national AI systems in Saudi Arabia, Singapore and Vietnam. It’s the same story up and down the list: the world’s AI buildout is running on NVIDIA.",2026-06-24T05:49:55.771486Z
1.0,NEWS,Nvidia Blog,https://blogs.nvidia.com/blog/telecom-ai-agents-dtw-ignite-2026/,"NVIDIA Brings Trusted, 24/7 AI Agents to Telecom Operations",2026-06-23T06:00:09+00:00Z,"Telecom operators have seen remarkable returns from using generative AI to automate network management, customer care and back-office operations. Most of that impact has been task‑based: automation that speeds up predetermined steps while people manually correlate insights and direct next steps. Automation is no longer the finish line — it’s the launchpad to autonomy. The industry is now pushing toward truly autonomous networks and operations, where AI agents proactively watch for problems and coordinate changes across network, IT and business systems. Together, synthetic data, telecom-domain models, secure agent runtimes and simulations form critical pieces of a secure, telecom autonomy platform, where agents understand operator intent, act safely across business and network domains and keep humans in control of policy. NVIDIA and its partners are demonstrating these building blocks at TM Forum’s DTW Ignite 2026 — running this week in Copenhagen — giving operators a practical path to running more autonomous, resilient networks and powering richer AI‑driven services for consumers and businesses. Reasoning models that understand the telecom domain are the foundation of autonomous networks. These specialized models require fine‑tuning on high‑quality datasets, yet 54% of operators cite data‑related issues as their biggest barrier, with the most valuable network and customer data too sensitive to use directly. Synthetic data is enabling operators to safely increase the volume and diversity of training data, protect sensitive information and democratize access to production‑like telecom datasets across internal teams and external developers, without exposing raw customer records. SoftBank Corp. is using technologies such as NVIDIA NeMo Safe Synthesizer and NVIDIA NeMo Anonymizer to generate privacy‑preserving synthetic datasets that reflect the structure and distribution of real network performance and configuration datasets. These datasets are being used to fine-tune its large telecom model and build specialized network agents. As telecom operators look to achieve autonomy across end-to-end workflows, they need AI agents that can stick with a complex job from start to finish, not just execute a pointed task. Long‑running autonomous agents that operate under strict service-level agreements, change‑management policies and regulatory constraints are key to this shift. NVIDIA NemoClaw blueprints and the NVIDIA OpenShell secure runtime give these agents policy‑based guardrails and sandboxed access to telecom systems, so operators can more safely expand the role of agents in operations while keeping behavior predictable, auditable and governed. AdaptKey is collaborating with operators to pilot security‑hardened, long-running agents for self‑healing 5G network operations. NemoClaw and OpenShell power agents that detect security and connectivity issues and submit scoped remediation requests into AdaptKey’s KeySmith platform for execution, which orchestrates diagnosis and runs agents that apply auditable fixes across core, radio access network (RAN) and billing systems. Amdocs is showcasing the potential of NemoClaw and OpenShell for proactive customer-care agents, including roaming assistance scenarios where autonomous agents can identify customers whose roaming package is nearing depletion, engage them with approved options and execute actions within defined business policies and operational controls. Amdocs is applying this runtime to autonomous data‑science agents that analyze customer accounts and assess migration eligibility, producing ranked, decision‑ready views that help operators intelligently sequence migrations to modern billing and business platforms at the right time and in the right order. NTT DATA is using NVIDIA Nemotron open models with NemoClaw to build long‑running agents for proactive detection of network degradation. These anomaly agents track long‑term performance trends and escalate relevant cases to research agents for fine‑grained telemetry analysis and clear remediation proposals. ServiceNow is bringing Project Arc to telecom, enabling autonomous network operations center agents that run incident response. Arc pulls context from emails, logs and diagnostics across disconnected systems and orchestrates the full lifecycle from initial alerts to assigned work orders. Secured by NVIDIA OpenShell and governed by ServiceNow AI Control Tower, every Arc action stays contained, auditable and within policy. Tata Consultancy Services (TCS) is building a multi‑fidelity “AI sensor” architecture that helps operators spot and resolve network issues faster. NemoClaw orchestrates long-running agents powered by Nemotron and NVIDIA NV‑Tesseract that scan broadly for issues and selectively trigger deeper diagnosis, giving operators a faster, more efficient path from anomaly to action. As AI agents take on more responsibility in telecom operations, simulation is becoming an integral part of decision support. By accelerating simulation workloads on GPUs, operators can give agents a safe, near-real-time environment to validate their recommendations before acting on live network and business systems. Forsk has integrated an AI‑based radio propagation model into its Naos RAN planning platform, achieving ray‑tracing‑level accuracy up to 200x faster than CPU‑only baselines on NVIDIA RTX PRO 6000 Blackwell Server Edition GPUs. The resulting RAN digital twin lets operators safely optimize the network in near real time, enabling use cases such as network self‑healing and automated antenna tilt. VIAVI Solutions is accelerating its TeraVM AI RAN Scenario Generator by moving large‑scale RAN simulations from CPUs to NVIDIA RTX PRO 6000 Blackwell Server Edition GPUs. Early results show order‑of‑magnitude improvements in simulation throughput, letting operators run high‑fidelity scenarios at a real deployment scale so autonomous agents can de‑risk proposed network changes. In addition, VIAVI has released an IP Network Configuration Blueprint that extends validation into the IP and transport network domains, enabling operators to safely validate routing, traffic‑engineering and resilience changes, before they touch the live network. KDDI and KDDI Research are bringing accelerated simulation into the 6G era through a collaboration with NVIDIA, Keysight and Samsung Research America to build a high‑fidelity RAN digital twin using NVIDIA Aerial Omniverse Digital Twin and Keysight’s digital‑twin‑ready emulation tools running on KDDI’s AI data centers. In this environment, multiple autonomous agents will be able to safely simulate and validate RAN “what‑if” scenarios, ranging from area‑optimization strategies to future radio conditions, traffic shifts and new AI air‑interface functions. Dive deeper into the telecom autonomous networks stack by reading this NVIDIA technical blog.",2026-06-24T05:49:55.782736Z
1.0,NEWS,AWS ML Blog,https://aws.amazon.com/blogs/machine-learning/build-a-protein-research-copilot-with-amazon-bedrock-agentcore/,Build a protein research copilot with Amazon Bedrock AgentCore,2026-06-23T16:39:34+00:00Z,"Protein researchers face a time-consuming challenge: manually searching through thousands of peptide sequences to find structurally similar candidates is slow, error-prone, and requires deep domain expertise to interpret results. Building a protein research copilot can transform how researchers search for structurally similar peptides across large datasets — enabling natural language queries, automated embedding generation, and AI-powered result summarization in a single conversational interface. This post shows you how to build a conversational protein research assistant that combines three capabilities: The system uses the Strands Agents SDK to orchestrate three specialized tools within one agent, deploys to Amazon Bedrock AgentCore for production serving, and stores peptide embeddings in Amazon Aurora PostgreSQL-Compatible Edition with pgvector. By the end of this post, you will have built an end-to-end agent application that demonstrates how to: The copilot follows a tool-use pattern where a single Strands agent orchestrates three specialized tools to handle the complete research workflow. When a researcher submits a natural language query, the agent parses it into structured parameters, searches for similar peptides using protein embeddings, and summarizes the results with scientific context. This single-runtime, multi-tool design keeps the deployment simple while maintaining clear separation of concerns. Each tool encapsulates a distinct capability, and the orchestrator agent decides when and how to invoke them based on the user’s query. The core of the similarity search is ESM-C 300M, a protein language model from EvolutionaryScale (Built with ESM) that produces 960-dimensional embeddings capturing structural and functional properties of amino acid sequences. Two peptides with similar biological function produce embeddings that are close in vector space, enabling similarity search without requiring sequence alignment. ESM-C 300M is deployed as an Amazon SageMaker AI serverless endpoint, which scales to zero when idle and incurs no cost between invocations. The model weights are bundled into the deployment artifact to avoid downloading from HuggingFace at inference time — critical for serverless endpoints where cold start latency matters. The inference handler constructs the model architecture directly and loads pre-packaged weights: The predict_fn handler takes a protein sequence, encodes it, and returns the mean-pooled embedding: The endpoint is deployed as a serverless configuration with 6144 MB memory and a max concurrency of 5, using the PyTorch 2.6.0 CPU inference container. The model packaging script downloads weights once via from_pretrained, saves the state dict, and bundles it with the inference code into a model.tar.gz with the required code/ directory structure for SageMaker AI. Peptide embeddings are stored in Amazon Aurora PostgreSQL-Compatible Edition Serverless v2 with the pgvector extension. The database schema is straightforward: The properties JSONB column stores biological metadata — species, source organism, source molecule, epitope positions — enabling combined vector and metadata filtering. For example, a query like “Find peptides similar to LPAIVREAI from dengue virus” triggers both a cosine similarity search on the embedding column and a filter on properties->>'species'. The data loading pipeline reads from the IEDB virus epitope dataset, generates embeddings for each peptide sequence via the SageMaker AI endpoint, and inserts them into the database using the Amazon RDS Data API. The initial load samples 1,000 linear peptides: Database access goes through the Amazon Relational Database Service (Amazon RDS) Data API, which means the agent runtime does not need direct network connectivity to the database — it communicates over HTTPS, simplifying the networking requirements for AgentCore deployment. The Strands Agents SDK provides a clean abstraction for building tool-using agents. Each tool is a Python function decorated with @tool, and the agent automatically generates tool descriptions for the LLM from the function’s docstring and type hints. The parser tool delegates to a dedicated Strands agent that acts as a structured output extractor: The searcher tool combines SageMaker AI embedding generation with pgvector similarity search: The summarizer tool uses another dedicated Strands agent for scientific analysis: The orchestrator ties everything together. It receives the user’s query and decides which tools to call and in what order: This design uses the “agents-as-tools” pattern: the parser and summarizer are themselves Strands agents, but they are wrapped in @tool decorators and exposed to the orchestrator as callable tools. The orchestrator does not know or care that these tools internally use LLMs — it calls them as functions. This keeps the orchestration logic clean while allowing each tool to leverage LLM capabilities where needed. Amazon Bedrock AgentCore provides a managed runtime for hosting AI agents. The agent code runs in a containerized environment built and deployed via AWS CodeBuild — no local Docker installation is required. The AgentCore runtime expects an entrypoint function that receives a payload and context: The entrypoint captures tool outputs in a shared dictionary so that the response includes structured data (parsed query, search results table, summary text) instead of the agent’s final text output alone. This structured response is what the Streamlit frontend uses to render tables and expandable sections. The deployment uses AWS CloudFormation for all infrastructure. The VPC stack creates private subnets with NAT gateways and VPC endpoints for Amazon Bedrock, Amazon RDS Data API, and AWS Secrets Manager — helping to ensure the agent runtime can reach all required services without traversing the public internet. Amazon Aurora PostgreSQL-Compatible Edition Serverless v2 database will be required with automatic scaling from 0.5 to 4 ACUs (1–8 GB RAM). An AWS Lambda-backed custom resource initializes the pgvector extension and creates the peptides table during stack creation: The solution requires the following components, deployed in order: Warning: Complete the deployment steps in order. Skipping steps may result in deployment failures. The frontend is a lightweight Streamlit application that communicates with the AgentCore runtime via the bedrock-agentcore boto3 client. It runs on AWS Fargate with a minimal container image that includes only streamlit, pandas, and boto3 — no ML libraries. The UI displays results in three sections: the parsed query parameters (expandable), a sortable table of similar peptides with cosine distances and metadata, and the AI-generated scientific summary. Users can download results as CSV for further analysis. The following screenshot shows the search query and the results. Before deploying this solution to production, keep the following design and operational trade-offs in mind: Cold start latency. The SageMaker AI serverless endpoint takes 2–3 minutes on the first invocation after an idle period while the container initializes and loads model weights. Subsequent invocations within the keep-alive window complete in seconds. For latency-sensitive workloads, consider a provisioned endpoint or setting a higher provisioned concurrency on the serverless configuration. Embedding model choice. We use ESM-C 300M for its balance of embedding quality and inference speed on CPU. For higher accuracy on structural similarity tasks, ESM-C 600M or ESM2 models offer larger embedding dimensions at the cost of increased memory and latency. The 960-dimensional embeddings from ESM-C 300M provide strong performance for peptide similarity search in testing. Scaling the dataset. The initial load uses 1,000 sampled peptides from the IEDB dataset. For production use with larger datasets, consider batch-loading embeddings, increasing the IVFFlat index lists parameter proportionally, and sca ... [truncated]",2026-06-24T05:49:55.801270Z
1.0,NEWS,AWS ML Blog,https://aws.amazon.com/blogs/machine-learning/shared-infrastructure-isolated-tenants-pool-model-multi-tenancy-with-amazon-bedrock-agentcore/,"Shared infrastructure, isolated tenants: Pool model multi-tenancy with Amazon Bedrock AgentCore",2026-06-23T15:43:59+00:00Z,"Building multi-tenant AI applications presents new architectural challenges. You need complete tenant isolation between customers, different service tiers with different capabilities, granular cost tracking, and observability per tenant. Without these, you could risk exposing customer data, not providing appropriate quality of service to your customers or running up unforeseen costs. In this post, you will learn patterns for implementing production-ready multi-tenant systems using Amazon Bedrock AgentCore. You will see these patterns demonstrated through healthcare AI agents that serve multiple clinics and hospitals. While the post uses healthcare as the example domain, the architectural patterns and implementation techniques apply broadly to various multi-tenant AI applications. Whether you’re building SaaS platforms, enterprise solutions serving multiple business units, or managed services for different customer organizations, you can use these architectural patterns to build your solution. This blog post is part 2 of the series, Building multi-tenant agents with Amazon Bedrock AgentCore. Part 1 explores design considerations for architecting multi-tenant agentic applications and the framework needed to address SaaS architecture challenges with Amazon Bedrock AgentCore. This solution demonstrates how to use native capabilities of Amazon Bedrock AgentCore to achieve complete tenant isolation using AWS-managed services. The architecture implements a three-level hierarchy: Tier → Tenant → User, where you enforce isolation at every layer through documents in knowledge base, memory, model access, and cost tracking. A tiering strategy is a common pattern in SaaS applications where tenants are grouped into distinct service tiers based on their needs – such as Basic and Premium, usage patterns, or pricing plans. Each tier defines a set of features and quality of service available to tenants within that group. This approach allows SaaS providers to serve a diverse customer base with differentiated experiences while maintaining operational efficiency. To see how this works in practice, the example solution implements two service tiers for tier-based differentiation: Within each tier, this solution uses a pool isolation model, where tenants share the same underlying infrastructure and compute resources rather than having dedicated, siloed resources per tenant. The pool model maximizes resource utilization and simplifies operations, while tenant isolation is enforced through logical separation mechanisms such as scoped identifiers, access policies, and data partitioning. Combining a tiering strategy with a pool model enables you to balance cost efficiency with the flexibility to offer differentiated service levels. Let’s look at how primitives from AgentCore come together to solve these multi-tenancy challenges. The following diagram illustrates the multi-tenant architecture for the solution, showing how requests flow from authenticated users through tier-specific agents to isolated document storage: Figure 1: Multi-tenant architecture with hierarchical isolation (Tier → Tenant → User). This section describes the key aspects of the solution. You run the deploy script to set up the infrastructure and application for the solution. The code excerpts in this section are only used to describe how the key aspects of the architecture are being addressed by components of the solution. There is no need to run any commands or execute any code snippets shown here. The architecture leverages six core Bedrock AgentCore capabilities to implement multi-tenancy: AgentCore Runtime: AgentCore Runtime provides the compute for the agents in this solution, with each agent session execution in an isolated micro-VM for tenant-level compute isolation. It hosts separate agent instances per tier, each configured with tier-appropriate models and capabilities. AgentCore Identity: AgentCore Identity secures the multi-tenant architecture with a unified JWT-based authentication model. The Cognito ID token validates the user at both the Runtime and Gateway boundaries, while tool Lambdas mint their own scoped credentials for downstream data access. Each AgentCore Runtime is configured with an inbound JWT authorizer that validates Cognito ID tokens before agent code execution. The ID token carries tenant metadata as custom claims: The AgentCore Gateway is also configured with JWT authorization, using the same Cognito discovery URL and audience. When the agent calls the gateway, it forwards the user’s original JWT as a Bearer token for validation, along with tenant context headers (X-Tier, X-Clinic-ID, X-S3-Prefix). The gateway validates the token, then propagates the tenant headers to the target Lambda via metadataConfiguration. The target Lambda never receives or processes the user’s JWT directly. Instead, it reads the trusted tenant headers (trusted because only authenticated requests pass the gateway’s CUSTOM_JWT authorizer) and assumes a TVM (Token Vending Machine) role with session tags derived from those headers. The TVM role’s ABAC policy restricts DynamoDB access using dynamodb:LeadingKeys conditions, ensuring each tenant can only query their own clinic’s data at the IAM level, not just application-level filtering. AgentCore Memory: Conversation history cannot leak between tenants or between multiple users within a tenant. The solution enforces memory isolation at two layers: application-level scoping and IAM-backed Attribute-Based Access Control (ABAC). At the application layer, AgentCore Memory uses a hierarchical namespace structure with a composite actor_id to organize conversation data per tenant: To enforce isolation at the infrastructure level, the solution uses a Token Vending Machine (TVM) pattern with ABAC. At runtime, the agent assumes a TVM role with Tier, ClinicId, and UserId as session tags, receiving temporary credentials scoped to that tenant’s namespace: The TVM role’s trust policy ensures only the agent execution role can assume it, and that all three session tags are present: AgentCore Gateway: AgentCore Gateway transforms static Lambda functions into dynamic, context-aware agent tools using the Model Context Protocol (MCP). Model Context Protocol is an open-source standard for connecting AI agents to external tools. AgentCore Gateway eliminates the need to build custom tool orchestration logic. Without this, you would need to manually integrate APIs into agent workflows. This involves writing custom code to parse API specifications, handle authentication, manage transformations, implement error handling, and propagate tenant context. The Lambda function exposes two tools through the Gateway: As mentioned previously, tenant identity is propagated throughout each component. The agent initializes its MCP Gateway client with tenant-scoped headers (X-Tier, X-Clinic-ID, X-S3-Prefix), so every tool call through the gateway automatically carries tenant context, enforcing data isolation at the gateway layer without per-tool filtering logic. This link provides more information about gateway headers. AgentCore Policy: AgentCore Policy enforces tier-specific action boundaries on gateway tools using Cedar authorization policies. The solution creates a shared policy engine attached to both the basic and premium gateways in ENFORCE mode. For the basic tier, a Cedar policy restricts the patient_context tool to business hours (8 AM–6 PM) by evaluating the request_hour field from the tool’s input. The agent must call current_time first and pass the current hour, and the policy engine denies the call if the hour falls outside the allowed window. For the premium tier, the policy permits patient_context unconditionally, giving hospitals 24/7 access. Both tiers get explicit permits for the clinic_config tool since it exposes non-sensitive configuration data. This approach moves access control out of application code and into declarative Cedar policies evaluated at the gateway layer, so ... [truncated]",2026-06-24T05:49:55.821393Z
1.0,NEWS,KDnuggets,https://www.kdnuggets.com/20206/06/deasilex/the-math-skills-every-aspiring-data-scientist-needs-to-master-before-writing-a-single-line-of-code,The Math Skills Every Aspiring Data Scientist Needs to Master Before Writing a Single Line of Code,2026-06-23T17:00:14+00:00Z,"This article breaks down each essential math discipline, explains its role in data science, and maps out an efficient learning path you can start today. Data science job listings in 2026 keep raising the bar on mathematical fluency. Yet thousands of newcomers skip straight to Python libraries and Jupyter notebooks, hoping code alone will carry them. It rarely does. Linear algebra, calculus, probability, statistics: these four disciplines draw the line between someone who runs pre-built models and someone who truly understands why those models work. A solid grip on foundational math sharpens intuition, speeds up debugging, and unlocks creative problem-solving that no library import can replace. Working one-on-one with a tutor, through platforms like Superprof, can fast-track that foundation. This article breaks down each essential math discipline, explains its role in data science, and maps out an efficient learning path you can start today. Every algorithm you'll ever use in data science is, at its core, a mathematical operation dressed in syntax. A mathematics tutor can help you see past the code and understand the engine underneath, which matters more than ever in 2026. Think of it this way: code tells the computer *how* to execute. Math tells *you* what the computer is actually doing and whether the output makes sense. When you grasp the underlying principles, you pick the right algorithm faster, diagnose errors with confidence, and adapt to new tools without starting from scratch. The three disciplines that show up repeatedly in data science curricula are statistics, linear algebra, and calculus. Good news: you don't need a PhD. Most of the required math sits at the late high school or early undergraduate level. With generative AI and AutoML handling boilerplate code in 2026, the real differentiator is mathematical intuition. Employers want people who can reason about data, not just run `.fit()` and `.predict()`. A dedicated tutor bridges knowledge gaps far quicker than grinding through textbook exercises alone. If you only invest time in one branch of math, make it statistics and probability. This duo powers nearly every decision a data scientist makes, from evaluating model performance to running A/B tests that determine million-dollar product launches. Real-world applications pop up everywhere. You'll use hypothesis testing to confirm whether a new feature actually improves conversion rates. You'll rely on confidence intervals to communicate uncertainty to stakeholders. You'll apply Bayes' theorem in spam filters, medical diagnostics, and recommendation engines. Superprof connects learners with experienced tutors who specialize in statistics and tailor lessons directly to data science contexts. Descriptive statistics give you a snapshot of any dataset before you build a single model. Mean and median reveal central tendency. Standard deviation and variance quantify spread. These numbers tell you whether your data clusters tightly or scatters wildly. Understanding distributions goes a step further. A normal distribution lets you apply a wide range of statistical techniques confidently. Skewed data, on the other hand, can mislead models and inflate errors. Recognizing the shape of your data is the first analytical reflex every data scientist needs. Bayes' theorem flips the script on traditional probability. Instead of asking ""what's the chance of seeing this data given my assumption?"", you ask ""what's the chance my assumption is correct given this data?"" That shift powers classification algorithms, medical test interpretation, and fraud detection systems. Hypothesis testing formalizes decision-making. You define a null hypothesis, collect evidence, compute a p-value, and decide whether your results reflect a real effect or random noise. Z-tests handle large samples. T-tests work for smaller ones. Confidence intervals wrap around your estimates, giving stakeholders a range of plausible values rather than a single misleading number. Linear algebra is the language your data speaks. Every dataset you load into a DataFrame is a matrix. Every image a neural network processes is a tensor. Understanding how to manipulate these structures unlocks the core of modern machine learning. Where does this show up in practice? Principal Component Analysis (PCA) uses eigenvectors to reduce high-dimensional data into manageable features. Neural networks chain matrix multiplications layer after layer. Recommendation systems (think Netflix suggestions) rely on matrix factorization. Image processing treats every pixel as part of a numerical grid. In 2026, multimodal AI systems blend text, vision, and audio, which makes tensor math and geometric algebra increasingly relevant. If abstract linear algebra concepts feel slippery, a Superprof tutor who uses visual and applied examples can anchor those ideas to tangible data science problems. Calculus drives optimization, the process that teaches machine learning models to improve. Every time a model adjusts its parameters to reduce error, calculus is doing the heavy lifting behind the scenes. You won't solve differential equations by hand. Computers handle the arithmetic. But you absolutely need to understand *what* gradient descent does, *why* a loss function decreases, and *when* the process gets stuck in a local minimum. Training neural networks, fitting logistic regression, tuning cost functions: all of these rely on calculus-driven optimization. A tutor can connect these abstract formulas to concrete workflows, turning intimidating notation into something intuitive. Most data science roadmaps skip discrete math entirely. That's a mistake, especially if you work anywhere near computer science applications like network analysis or algorithmic design. Discrete math covers set theory, combinatorics, logic, and graph theory. These tools power fraud detection networks where investigators trace suspicious transaction chains. Social network analysis maps influence and community clusters. Route optimization (logistics, ride-sharing) depends on graph algorithms. Decision trees, one of the most interpretable ML models, rest squarely on combinatorial logic. Computers operate with finite precision. Understanding discrete constraints helps you sidestep common computational pitfalls, like floating-point errors that silently corrupt model outputs. This branch won't dominate your daily workflow, but it fills critical gaps when problems demand algorithmic reasoning. A structured sequence beats random studying every time. Here's a roadmap that mirrors how math skills stack in real data science work: Go deep before going wide. Spending three focused weeks on probability distributions beats skimming five topics in the same time. Learn math through applied examples: real datasets, actual data science problems, hands-on exercises that connect formulas to outcomes. Personalized tutoring accelerates this roadmap dramatically. A Superprof mathematics tutor assesses your specific gaps, adapts lesson pacing, and ties every concept to a data science scenario you care about. Supplementary resources like Coursera, Codecademy, and Khan Academy fill in around the edges. In 2026, generative AI tools explain concepts on demand. But a human tutor provides something AI can't: strategic guidance, accountability, and the ability to recognize when you've memorized a formula without actually understanding it. Self-study works for motivated learners, but it has blind spots. You don't always know what you don't know. A one-on-one tutor identifies gaps you'd overlook, corrects misconceptions in real time, and keeps your learning pace honest. Superprof gives you access to over 680,000 mathematics tutors worldwide. Many hold degrees in applied math, engineering, or computer science and directly relate concepts to machine learning workflows. Scheduling stays flexible (online or in-person), and first lessons often come free, so you test the fit before committing.  ... [truncated]",2026-06-24T05:49:55.837337Z
1.0,NEWS,KDnuggets,https://www.kdnuggets.com/heres-why-webmcp-is-exciting,Here’s Why WebMCP is Exciting,2026-06-23T14:00:21+00:00Z,"WebMCP is an open web standard that lets websites expose structured, callable tools directly to browser-based agents. Find out what makes it exciting. You have probably watched a browser AI agent work at some point this year. It clicks a dropdown, waits for the DOM to update, reads a screenshot, decides what to click next, and waits again. One task. Five seconds. A hundred things that could go wrong. If the CSS class changes, if the dropdown animates differently, if the page lazy-loads something, the whole thing breaks. That is not a model problem. The models are fine. It is a protocol problem. There was no standard way for a website to tell an agent what it could actually do on the page, so agents were left guessing pixel by pixel, click by click. WebMCP is the fix. It is a proposed open web standard that lets websites expose structured, callable tools directly to browser-based agents. Instead of an agent trying to interpret your UI, your site tells the agent exactly what functions exist, what inputs they take, and what they return. The agent stops guessing. Google announced the WebMCP origin trial at Google I/O 2026 on May 21, and Chrome 149 shipped with it enabled for real traffic not just developers behind a flag. If you build anything on the public web, this is worth understanding today. WebMCP is a browser-native agent protocol co-developed by Google and Microsoft. The W3C Web Machine Learning Community Group published the specification as a draft in February 2026, with three editors: Brandon Walderman from Microsoft, Khushal Sagar and Dominic Farolino from Google. The core idea is simple: a website registers ""tools"" named, typed JavaScript functions or annotated HTML forms through a document.modelContext interface. A browser agent can then discover those tools, understand what they do from their descriptions and JSON Schemas, and call them directly instead of simulating mouse clicks. Think of it as the difference between handing someone a remote control and watching them poke at your television screen, trying to change the channel. To understand where WebMCP fits, it helps to know where it does not fit. Anthropic's Model Context Protocol (MCP) is a server-to-server protocol, the model connects to your backend over stdio or HTTP. Agent-to-Agent (A2A) handles communication between different AI agents. WebMCP handles the layer those two miss: the client page, with the logged-in user sitting right there. A three-layer stack diagram showing ""Server Layer"" ""Agent Layer"" and ""Browser/Page Layer"" Before WebMCP, browser agents had two options: vision-based actuation or DOM scraping. Vision-based actuation meant the agent took a screenshot, sent it to a multimodal model, got back coordinates to click, clicked, waited for the DOM to update, took another screenshot, and repeated. It worked well enough to demo. It did not work well enough to ship reliably. Every pixel change, every animation, every lazy-loaded element was a potential failure point. DOM scraping was faster but semantically blind. The agent could read what elements existed on the page, but it had to guess their purpose from attribute names, class names, and surrounding text. A button labeled ""Go"" could mean search, submit, confirm, or navigate and the agent had to figure that out from context every single time. The numbers reflect how significant the gap is. Research on structured versus unstructured browser automation shows that structured approaches reduce task errors by 67% and improve completion rates by 45% compared to scraping methods, according to analysis from WebMCP implementation guides published in 2026. WebMCP's answer to all of this is to move the interpretation burden from the agent to the website. You know what your checkout button does. You know what fields your support form expects. WebMCP gives you a way to say that explicitly, in a format the agent can read without any guesswork. WebMCP introduces two APIs, both accessible through the document.modelContext interface. They are designed for different situations, and you can use both on the same page. The Declarative API is for HTML forms. You annotate your existing form elements with two new attributes: toolname and tooldescription, and the browser automatically translates the form into a structured tool the agent can call. You do not need to write any JavaScript for the basic case. Here is what a support request form looks like with the Declarative API: What this does: The browser reads the toolname and tooldescription attributes and registers the form as a callable tool. When an agent wants to submit a support request, it calls createSupportRequest with the appropriate inputs, no pixel-clicking required. The form remains visible to the user throughout, so they can see exactly what the agent is doing. If you remove either attribute, the tool is automatically unregistered. You can also add toolautosubmit to the form element to let the agent submit it directly once it has populated the fields, instead of requiring the user to click the submit button manually. The Declarative API is the right choice when you have a stable, form-based interface and want the simplest path to agent-readiness. Add two attributes. Done. The Imperative API is for everything the Declarative API cannot handle, dynamic tools, JavaScript-driven interactions, tools that call APIs directly, tools that depend on application state. You define these tools in JavaScript using document.modelContext.registerTool() Here is a practical example: an order status lookup tool that lets an agent check a customer's orders without scraping the order history page. What this does: The tool is registered with a name, a plain-language description, a typed input schema, and an async execute function. When a browser agent asks for available tools on the page, it sees get_order_status alongside its schema. It knows exactly what to pass in and what to expect back. If you need to unregister a tool later, for example, when a user logs out or navigates away from a section where the tool makes sense, you use an AbortController: What this does: Passing an AbortSignal to registerTool gives you a clean way to remove tools without tracking references manually. When you call controller.abort(), the tool disappears from the agent's discovery list right away. This is important for single-page applications where the available actions change as the user moves through the product. You can also discover all registered tools on the current page with document.modelContext.getTools(), and call any of them manually with document.modelContext.executeTool(). The Model Context Tool Inspector Chrome extension uses exactly this pattern to let you test your tools before any real agent calls them. This is the part of WebMCP that does not get enough attention. Standard MCP integrations, the server-side, require OAuth client registration, token exchange, refresh logic, secure credential storage, and audit logging. Every service the agent needs to interact with requires its own OAuth flow. For a developer building an agent that touches five different tools, that is five separate integrations to maintain. This matters beyond developer convenience. It changes the security model. The agent cannot do anything through WebMCP that the logged-in user could not do directly. It cannot escalate privileges. It cannot access other users' data. The existing permission boundaries of your web application apply automatically. One thing worth noting: the WebMCP security guidance is explicit that agentInvoked, the boolean on SubmitEvent that tells you whether an agent triggered the form, should be treated as a signal, not a credential. Do not use it to grant additional permissions. It tells you who submitted the form; it does not verify identity. Google used travel booking as one of its primary examples at I/O 2026, and it illustrates the difference WebMCP makes better than anything abstract. Without WebMCP, a browser age ... [truncated]",2026-06-24T05:49:55.853658Z
1.0,NEWS,KDnuggets,https://www.kdnuggets.com/5-essential-approaches-to-robust-outlier-detection,5 Essential Approaches to Robust Outlier Detection,2026-06-23T12:00:31+00:00Z,"Outliers can easily ruin the performance of any predictive analysis models you build: robustly detecting and handling them is crucial in any data project. This article lists and compares five essential approaches for detecting them. Ever come across some weird data points in your dataset while exploring it? One or a few that seem unduly different from the vast majority of observations, thus drastically skewing your means and inflating variances? I've been there, too. These points are outliers. Their impact isn't limited to altering data statistics: outliers can easily ruin the performance of any predictive analysis models you build, so robustly detecting and handling them is crucial in any data project. This article lists and compares five essential approaches for detecting them, along with a short Python example for each. The Z-score calculation is a simple method that works best for data variables that are normally distributed. It measures how many standard deviations each point lies from the mean. In essence, a data point whose Z-score is 3 or higher (or -3 or lower) is flagged as an outlier: that means there's a distance of more than three standard deviations between that point and the mean. Despite its simplicity, it has the drawback that means and standard deviations are inherently highly sensitive to extreme values. Are your data variables not normally distributed? Then the IQR is a better and more robust bet than Z-score calculations. This method uses percentiles, specifically by determining the spread between the first quartile (Q1, 25th percentile) and the third quartile (Q3, 75th percentile). Boundary points lying 1.5 times the IQR below Q1 and above Q3 are calculated, as shown below, and they act as a ""fence."" In other words, any point falling outside these two fences on either side is flagged as an outlier. The good news: the IQR's robustness stems from the fact that extreme values don't alter quartiles the way they alter means and standard deviations. When handling complex datasets with high dimensionality, traditional methods like Z-scores and the IQR are no longer effective. Enter isolation forests, a machine learning technique that learns to isolate anomalies from ""normal"" data. The idea resembles that of classical decision trees for classification and regression: outliers are rare data points, so isolating them through tree partitions is much easier. Thus, when a point is very easily separated from others by the tree algorithm, chances are it's an outlier. This is a considerably more robust version of the Z-score, so to speak: MAD uses the median — immune to extreme values — and absolute deviations from it to calculate an enhanced ""Z-score."" Be aware, though, that even though it can be applied to non-normal variables, it is normally used on one-dimensional data, i.e. it is a univariate technique. This is a great approach for identifying outliers in spatial data or datasets with complex groupings. The DBSCAN algorithm builds groups around points that are close to each other in areas of high density. During its application, data points isolated in lower-density areas are automatically identified as noise, i.e. outliers. Just like method number 3 (isolation forests), this is a multivariate technique that allows for evaluating multi-dimensional data points in the outlier detection process. Choosing the right outlier detection method comes down to understanding your data. The Z-score and the IQR are quick, simple options for univariate data, with the IQR being the safer choice when your variables are not normally distributed. MAD offers a more robust univariate alternative for cases where extreme values could otherwise skew the result. When your data has multiple dimensions or complex structure, isolation forests and DBSCAN extend outlier detection beyond simple statistical thresholds, capturing relationships that the simpler methods miss entirely. There is no single best approach, only the one best suited to the shape and scale of your data. Iván Palomares Carrascosa is a leader, writer, speaker, and adviser in AI, machine learning, deep learning & LLMs. He trains and guides others in harnessing AI in the real world. Get the FREE ebook 'KDnuggets Artificial Intelligence Pocket Dictionary' along with the leading newsletter on Data Science, Machine Learning, AI & Analytics straight to your inbox. Get the FREE ebook 'KDnuggets Artificial Intelligence Pocket Dictionary' along with the leading newsletter on Data Science, Machine Learning, AI & Analytics straight to your inbox. Get the FREE ebook 'KDnuggets Artificial Intelligence Pocket Dictionary' along with the leading newsletter on Data Science, Machine Learning, AI & Analytics straight to your inbox. Get the FREE ebook 'KDnuggets Artificial Intelligence Pocket Dictionary' along with the leading newsletter on Data Science, Machine Learning, AI & Analytics straight to your inbox.",2026-06-24T05:49:55.867240Z
